{"cameraMode":{"drawMode":0,"name":"Shaded","section":"Shading Mode"},"sceneLighting":false,"audioPlay":false,"sceneViewState":{"showFog":true,"showMaterialUpdate":false,"showSkybox":true,"showFlares":true,"showImageEffects":true,"showParticleSystems":true},"in2DMode":false,"pivot":{"x":-2.490000009536743,"y":4.184107780456543,"z":1.9905548095703126},"rotation":{"x":-0.20545567572116853,"y":-0.025531457737088205,"z":0.005361778661608696,"w":-0.9783186912536621},"size":2.8578836917877199,"orthographic":false}