{"cameraMode":{"drawMode":0,"name":"Shaded","section":"Shading Mode"},"sceneLighting":true,"audioPlay":false,"sceneViewState":{"showFog":true,"showMaterialUpdate":false,"showSkybox":true,"showFlares":true,"showImageEffects":true,"showParticleSystems":true},"in2DMode":false,"pivot":{"x":-2.903782844543457,"y":30.10717010498047,"z":2.1227951049804689},"rotation":{"x":-0.43550190329551699,"y":-0.11343656480312348,"z":0.055427029728889468,"w":-0.8912901878356934},"size":18.2340030670166,"orthographic":false}