{"cameraMode":{"drawMode":0,"name":"Shaded","section":"Shading Mode"},"sceneLighting":true,"audioPlay":false,"sceneViewState":{"showFog":true,"showMaterialUpdate":false,"showSkybox":true,"showFlares":true,"showImageEffects":true,"showParticleSystems":true},"in2DMode":false,"pivot":{"x":9.816288948059082,"y":1.4800000190734864,"z":41.6436653137207},"rotation":{"x":0.13772375881671906,"y":0.04544827342033386,"z":-0.00632637832313776,"w":0.9894072413444519},"size":4.2824578285217289,"orthographic":false}