{"cameraMode":{"drawMode":0,"name":"Shaded","section":"Shading Mode"},"sceneLighting":true,"audioPlay":false,"sceneViewState":{"showFog":true,"showMaterialUpdate":false,"showSkybox":true,"showFlares":true,"showImageEffects":true,"showParticleSystems":true},"in2DMode":false,"pivot":{"x":0.11322081089019776,"y":53.38113784790039,"z":0.13879674673080445},"rotation":{"x":0.1867893934249878,"y":0.7920495271682739,"z":-0.29570016264915469,"w":0.500328540802002},"size":2.260988235473633,"orthographic":false}